<?xml version="1.0" encoding="UTF-8"?>
<!DOCTYPE bindings PUBLIC "-//NetBeans//DTD Editor KeyBindings settings 1.1//EN" "http://www.netbeans.org/dtds/EditorKeyBindings-1_1.dtd">
<bindings>
    <bind actionName="collapse-fold" key="SUBTRACT"/>
    <bind actionName="expand-fold" key="ADD"/>
    <bind actionName="format" key="DO-F"/>
    <bind actionName="zoom-text-in" key="D-ADD"/>
    <bind actionName="zoom-text-out" key="D-SUBTRACT"/>
    <bind key="O-MOUSE_WHEEL_UP" remove="true"/>
    <bind key="S-SPACE" remove="true"/>
    <bind key="D-MINUS" remove="true"/>
    <bind key="O-MOUSE_WHEEL_DOWN" remove="true"/>
    <bind key="S-F10" remove="true"/>
    <bind key="D-PLUS" remove="true"/>
    <bind key="SO-F" remove="true"/>
</bindings>
