<?xml version="1.0" encoding="UTF-8"?>
<!DOCTYPE fontscolors PUBLIC "-//NetBeans//DTD Editor Fonts and Colors settings 1.1//EN" "http://www.netbeans.org/dtds/EditorFontsColors-1_1.dtd">
<fontscolors>
    <fontcolor bgColor="ff0a0a0a" name="mark-occurrences"/>
    <fontcolor default="constant" name="constant">
        <font style="italic"/>
    </fontcolor>
    <fontcolor default="string" name="string"/>
    <fontcolor name="mod-class"/>
    <fontcolor name="mod-unused" waveUnderlined="ff999999"/>
    <fontcolor default="operator" foreColor="ffffff33" name="operator"/>
    <fontcolor default="number" foreColor="yellow" name="number"/>
    <fontcolor foreColor="lightGray" name="phpopenclose">
        <font style="italic"/>
    </fontcolor>
    <fontcolor name="mod-deprecated" strikeThrough="black"/>
    <fontcolor default="method" name="mod-custom1"/>
    <fontcolor default="comment" name="mod-annotation-type"/>
    <fontcolor default="inferred" name="inferred"/>
    <fontcolor default="comment" name="phpdockeyword"/>
    <fontcolor default="keyword" name="keyword"/>
    <fontcolor default="identifier" foreColor="ff3399ff" name="identifier"/>
    <fontcolor default="comment" foreColor="red" name="htmltag"/>
    <fontcolor default="field" foreColor="lightGray" name="mod-field"/>
    <fontcolor foreColor="ff9999ff" name="mod-method"/>
    <fontcolor default="separator" foreColor="white" name="separator"/>
    <fontcolor foreColor="lightGray" name="heredocdelimiter"/>
    <fontcolor default="uncovered" name="uncovered"/>
    <fontcolor foreColor="ff9999ff" name="mod-static"/>
    <fontcolor default="covered" name="covered"/>
    <fontcolor foreColor="white" name="variable"/>
    <fontcolor default="comment" foreColor="lightGray" name="comment"/>
    <fontcolor default="partial" name="partial"/>
    <fontcolor default="comment" name="commentline"/>
</fontscolors>
